id,name,email,gender,phone,city
1,Merrily Geach,mgeach0@illinois.edu,Female,+55 (471) 458-6750,Nazaré
2,Haley Dorcey,hdorcey1@ifeng.com,Male,+48 (876) 645-6675,Młynary
3,Edita Moylane,emoylane2@cam.ac.uk,Female,+62 (472) 704-8627,Karang Daye
4,Fairleigh Demougeot,fdemougeot3@technorati.com,Male,+351 (830) 818-0511,São Sebastião
5,Bride Verrick,bverrick4@forbes.com,Female,+86 (621) 946-4670,Wolongquan
6,Elissa Canty,ecanty5@1688.com,Female,+1 (214) 400-3823,Dallas
7,Kristina Skerm,kskerm6@tumblr.com,Female,+7 (254) 527-5236,Pogranichnyy
8,Waldo Tatham,wtatham7@artisteer.com,Male,+62 (698) 877-1088,Simpang
9,Bird Drover,bdrover8@statcounter.com,Female,+57 (858) 690-7582,Cotorra
10,Kurtis Steventon,ksteventon9@eventbrite.com,Male,+93 (728) 913-3087,Zaranj
